Interval,Max_Velocity,Acceleration,Collision_Distance
0,65.762764,64.829384,21.993547
1,51.23956,62.1175,19.471811
2,58.675823,71.705475,19.474272
3,67.48101,65.17005,22.034874
3,64.00703,67.24622,20.112099
4,55.25558,68.22908,20.660908
5,62.497494,48.512302,19.9528
6,63.179264,66.21115,20.87819
6,55.815216,80.21263,22.542583
7,57.99337,64.86317,20.789152
8,56.653316,73.87006,17.055317
