Interval,Max_Velocity,Acceleration,Collision_Distance
0,81.862625,67.73932,18.667458
0,72.910614,54.12527,20.296444
1,84.18848,57.37118,22.812109
2,82.088844,81.14741,14.827402
3,83.162384,55.28069,20.396542
4,71.43352,74.39966,16.686373
5,89.87982,67.37725,19.340261
6,77.90183,68.49587,18.646233
7,67.02717,82.87576,12.539923
8,85.3533,56.59414,19.365166
9,86.43844,72.348305,13.761942
10,82.863754,69.45148,23.262316
